State,Year,Beer,Wine,Spirits
Alabama,1977,0.99,0.13,0.84
Alabama,1978,0.98,0.12,0.88
Alabama,1979,0.98,0.12,0.84
Alabama,1980,0.96,0.16,0.74
Alabama,1981,1.0,0.19,0.73
Alabama,1982,1.0,0.18,0.72
Alabama,1983,1.01,0.17,0.71
Alabama,1984,1.02,0.19,0.69
Alabama,1985,1.06,0.17,0.67
Alabama,1986,1.09,0.18,0.64
Alabama,1987,1.1,0.18,0.61
Alabama,1988,1.1,0.18,0.61
Alabama,1989,1.1,0.17,0.6
Alabama,1990,1.12,0.18,0.61
Alabama,1991,1.0,0.17,0.59
Alabama,1992,1.02,0.19,0.59
Alabama,1993,1.14,0.17,0.56
Alabama,1994,1.16,0.17,0.54
Alabama,1995,1.14,0.15,0.53
Alabama,1996,1.17,0.15,0.53
Alabama,1997,1.14,0.15,0.52
Alabama,1998,1.16,0.17,0.51
Alabama,1999,1.18,0.17,0.51
Alabama,2000,1.19,0.18,0.51
Alabama,2001,1.16,0.17,0.53
Alabama,2002,1.18,0.21,0.53
Alabama,2003,1.18,0.19,0.52
Alabama,2004,1.19,0.2,0.52
Alabama,2005,1.18,0.2,0.53
Alabama,2006,1.22,0.21,0.55
Alabama,2007,1.24,0.22,0.56
Alabama,2008,1.24,0.22,0.58
Alabama,2009,1.2,0.22,0.58
Alaska,1977,1.19,0.42,1.7
Alaska,1978,1.39,0.45,1.68
Alaska,1979,1.5,0.47,1.65
Alaska,1980,1.55,0.5,1.7
Alaska,1981,1.71,0.57,1.82
Alaska,1982,1.75,0.56,1.74
Alaska,1983,1.76,0.61,1.7
Alaska,1984,1.73,0.58,1.56
Alaska,1985,1.68,0.58,1.53
Alaska,1986,1.68,0.56,1.27
Alaska,1987,1.64,0.54,1.29
Alaska,1988,1.6,0.49,1.23
Alaska,1989,1.57,0.46,1.24
Alaska,1990,1.62,0.46,1.25
Alaska,1991,1.54,0.43,1.14
Alaska,1992,1.53,0.41,1.08
Alaska,1993,1.31,0.32,0.92
Alaska,1994,1.53,0.4,1.1
Alaska,1995,1.45,0.39,1.02
Alaska,1996,1.31,0.38,0.94
Alaska,1997,1.31,0.36,0.88
Alaska,1998,1.37,0.39,0.98
Alaska,1999,1.45,0.4,0.98
Alaska,2000,1.35,0.37,0.92
Alaska,2001,1.34,0.4,0.97
Alaska,2002,1.36,0.43,1.08
Alaska,2003,1.27,0.37,0.79
Alaska,2004,1.32,0.45,0.96
Alaska,2005,1.24,0.43,0.99
Alaska,2006,1.24,0.46,1.02
Alaska,2007,1.13,0.44,1.07
Alaska,2008,1.2,0.49,1.09
Alaska,2009,1.31,0.54,1.16
Arizona,1977,1.7,0.34,1.05
Arizona,1978,1.77,0.37,1.1
Arizona,1979,1.86,0.39,1.17
Arizona,1980,1.69,0.36,0.98
Arizona,1981,1.78,0.42,1.01
Arizona,1982,1.74,0.4,0.99
Arizona,1983,1.62,0.44,1.0
Arizona,1984,1.57,0.45,1.06
Arizona,1985,1.67,0.46,1.0
Arizona,1986,1.77,0.46,0.91
Arizona,1987,1.67,0.46,0.86
Arizona,1988,1.64,0.42,0.88
Arizona,1989,1.68,0.36,0.85
Arizona,1990,1.59,0.37,0.8
Arizona,1991,1.58,0.35,0.78
Arizona,1992,1.58,0.31,0.8
Arizona,1993,1.58,0.27,0.76
Arizona,1994,1.52,0.29,0.7
Arizona,1995,1.47,0.29,0.68
Arizona,1996,1.52,0.33,0.73
Arizona,1997,1.45,0.31,0.68
Arizona,1998,1.44,0.32,0.68
Arizona,1999,1.47,0.34,0.69
Arizona,2000,1.48,0.31,0.71
Arizona,2001,1.47,0.33,0.7
Arizona,2002,1.46,0.33,0.69
Arizona,2003,1.41,0.37,0.71
Arizona,2004,1.39,0.33,0.7
Arizona,2005,1.33,0.39,0.74
Arizona,2006,1.31,0.37,0.78
Arizona,2007,1.36,0.33,0.76
Arizona,2008,1.27,0.4,0.75
Arizona,2009,1.19,0.38,0.74
Arkansas,1977,0.92,0.1,0.63
Arkansas,1978,0.97,0.11,0.73
Arkansas,1979,0.93,0.1,0.57
Arkansas,1980,1.0,0.12,0.69
Arkansas,1981,1.06,0.12,0.68
Arkansas,1982,1.03,0.12,0.63
Arkansas,1983,1.03,0.13,0.63
Arkansas,1984,1.02,0.12,0.64
Arkansas,1985,1.03,0.13,0.58
Arkansas,1986,1.06,0.09,0.48
Arkansas,1987,1.08,0.11,0.53
Arkansas,1988,1.07,0.14,0.53
Arkansas,1989,1.08,0.13,0.57
Arkansas,1990,1.12,0.13,0.61
Arkansas,1991,1.12,0.11,0.58
Arkansas,1992,1.13,0.12,0.65
Arkansas,1993,1.1,0.11,0.58
Arkansas,1994,1.06,0.13,0.46
Arkansas,1995,1.08,0.12,0.51
Arkansas,1996,1.1,0.12,0.53
Arkansas,1997,1.08,0.12,0.52
Arkansas,1998,1.1,0.11,0.51
Arkansas,1999,1.09,0.12,0.54
Arkansas,2000,1.09,0.12,0.53
Arkansas,2001,1.06,0.13,0.53
Arkansas,2002,1.07,0.14,0.53
Arkansas,2003,1.06,0.14,0.56
Arkansas,2004,1.07,0.15,0.58
Arkansas,2005,1.05,0.16,0.58
Arkansas,2006,1.07,0.17,0.59
Arkansas,2007,1.07,0.17,0.6
Arkansas,2008,1.11,0.17,0.6
Arkansas,2009,1.07,0.17,0.6
California,1977,1.31,0.67,1.28
California,1978,1.36,0.68,1.32
California,1979,1.42,0.7,1.28
California,1980,1.42,0.71,1.25
California,1981,1.43,0.72,1.21
California,1982,1.37,0.72,1.14
California,1983,1.37,0.75,1.11
California,1984,1.38,0.74,1.07
California,1985,1.32,0.78,1.02
California,1986,1.36,0.79,0.96
California,1987,1.36,0.74,0.93
California,1988,1.34,0.68,0.89
California,1989,1.31,0.61,0.87
California,1990,1.32,0.59,0.87
California,1991,1.22,0.49,0.75
California,1992,1.28,0.51,0.75
California,1993,1.17,0.48,0.69
California,1994,1.09,0.47,0.68
California,1995,1.14,0.45,0.64
California,1996,1.11,0.49,0.64
California,1997,1.12,0.5,0.62
California,1998,1.1,0.45,0.61
California,1999,1.1,0.46,0.62
California,2000,1.07,0.48,0.64
California,2001,1.08,0.48,0.64
California,2002,1.07,0.49,0.63
California,2003,1.06,0.5,0.65
California,2004,1.06,0.51,0.67
California,2005,1.02,0.53,0.68
California,2006,1.05,0.54,0.7
California,2007,1.07,0.55,0.72
California,2008,1.07,0.55,0.72
California,2009,1.05,0.55,0.73
Colorado,1977,1.43,0.36,1.22
Colorado,1978,1.64,0.47,1.43
Colorado,1979,1.68,0.47,1.37
Colorado,1980,1.57,0.47,1.31
Colorado,1981,1.63,0.44,1.26
Colorado,1982,1.64,0.46,1.18
Colorado,1983,1.57,0.46,1.12
Colorado,1984,1.51,0.46,1.12
Colorado,1985,1.47,0.5,1.18
Colorado,1986,1.47,0.46,0.94
Colorado,1987,1.43,0.44,0.93
Colorado,1988,1.42,0.39,0.91
Colorado,1989,1.4,0.37,0.84
Colorado,1990,1.35,0.29,0.75
Colorado,1991,1.39,0.35,0.87
Colorado,1992,1.34,0.36,0.81
Colorado,1993,1.4,0.36,0.86
Colorado,1994,1.36,0.35,0.84
Colorado,1995,1.34,0.35,0.78
Colorado,1996,1.36,0.37,0.84
Colorado,1997,1.3,0.37,0.81
Colorado,1998,1.33,0.37,0.83
Colorado,1999,1.33,0.37,0.75
Colorado,2000,1.35,0.37,0.89
Colorado,2001,1.42,0.41,0.96
Colorado,2002,1.35,0.39,0.9
Colorado,2003,1.34,0.4,0.87
Colorado,2004,1.3,0.43,0.95
Colorado,2005,1.3,0.41,0.99
Colorado,2006,1.27,0.45,0.97
Colorado,2007,1.29,0.47,1.0
Colorado,2008,1.27,0.46,1.01
Colorado,2009,1.22,0.46,1.0
Connecticut,1977,1.05,0.35,1.21
Connecticut,1978,1.07,0.38,1.2
Connecticut,1979,1.13,0.4,1.2
Connecticut,1980,1.06,0.43,1.21
Connecticut,1981,1.05,0.44,1.18
Connecticut,1982,1.04,0.49,1.2
Connecticut,1983,1.1,0.49,1.23
Connecticut,1984,1.1,0.5,1.2
Connecticut,1985,1.14,0.5,1.2
Connecticut,1986,1.13,0.51,1.15
Connecticut,1987,1.15,0.52,1.12
Connecticut,1988,1.14,0.51,1.07
Connecticut,1989,1.09,0.47,0.98
Connecticut,1990,1.09,0.45,0.92
Connecticut,1991,1.03,0.43,0.84
Connecticut,1992,1.01,0.45,0.83
Connecticut,1993,0.96,0.44,0.8
Connecticut,1994,0.99,0.43,0.78
Connecticut,1995,0.97,0.49,0.77
Connecticut,1996,0.94,0.46,0.72
Connecticut,1997,0.95,0.48,0.74
Connecticut,1998,0.96,0.48,0.74
Connecticut,1999,0.94,0.49,0.75
Connecticut,2000,0.94,0.49,0.74
Connecticut,2001,0.95,0.5,0.74
Connecticut,2002,0.95,0.5,0.74
Connecticut,2003,0.93,0.52,0.77
Connecticut,2004,0.92,0.53,0.79
Connecticut,2005,0.9,0.54,0.79
Connecticut,2006,0.93,0.55,0.84
Connecticut,2007,0.93,0.58,0.85
Connecticut,2008,0.94,0.59,0.86
Connecticut,2009,0.89,0.59,0.86
Delaware,1977,1.32,0.24,1.35
Delaware,1978,1.33,0.25,1.33
Delaware,1979,1.38,0.27,1.34
Delaware,1980,1.45,0.29,1.38
Delaware,1981,1.51,0.32,1.39
Delaware,1982,1.53,0.34,1.36
Delaware,1983,1.53,0.35,1.34
Delaware,1984,1.51,0.38,1.28
Delaware,1985,1.46,0.41,1.3
Delaware,1986,1.45,0.44,1.23
Delaware,1987,1.44,0.42,1.22
Delaware,1988,1.44,0.4,1.19
Delaware,1989,1.4,0.38,1.13
Delaware,1990,1.44,0.37,1.14
Delaware,1991,1.4,0.35,0.95
Delaware,1992,1.4,0.36,0.97
Delaware,1993,1.46,0.35,0.95
Delaware,1994,1.43,0.38,0.95
Delaware,1995,1.3,0.4,0.92
Delaware,1996,1.39,0.45,0.94
Delaware,1997,1.37,0.46,0.99
Delaware,1998,1.36,0.47,0.98
Delaware,1999,1.4,0.48,1.03
Delaware,2000,1.36,0.48,1.05
Delaware,2001,1.38,0.49,1.06
Delaware,2002,1.39,0.52,1.1
Delaware,2003,1.37,0.56,1.17
Delaware,2004,1.41,0.57,1.28
Delaware,2005,1.43,0.59,1.25
Delaware,2006,1.43,0.6,1.28
Delaware,2007,1.39,0.59,1.25
Delaware,2008,1.36,0.58,1.25
Delaware,2009,1.31,0.57,1.25
District of Columbia,1977,1.39,0.89,3.26
District of Columbia,1978,1.43,0.94,3.14
District of Columbia,1979,1.48,0.99,3.03
District of Columbia,1980,1.49,0.99,2.94
District of Columbia,1981,1.5,1.06,2.92
District of Columbia,1982,1.48,1.0,2.91
District of Columbia,1983,1.55,1.08,2.79
District of Columbia,1984,1.56,1.11,2.68
District of Columbia,1985,1.49,1.03,2.42
District of Columbia,1986,1.52,1.04,2.19
District of Columbia,1987,1.48,1.0,2.37
District of Columbia,1988,1.47,0.99,2.02
District of Columbia,1989,1.49,0.88,1.85
District of Columbia,1990,1.42,0.76,1.96
District of Columbia,1991,1.42,0.61,1.85
District of Columbia,1992,1.61,0.7,1.74
District of Columbia,1993,1.51,0.73,1.54
District of Columbia,1994,1.5,0.74,1.52
District of Columbia,1995,1.51,0.72,1.52
District of Columbia,1996,1.42,0.74,1.47
District of Columbia,1997,1.4,0.74,1.61
District of Columbia,1998,1.37,0.73,1.44
District of Columbia,1999,1.37,0.73,1.35
District of Columbia,2000,1.35,0.7,1.48
District of Columbia,2001,1.33,0.82,1.46
District of Columbia,2002,1.36,0.84,1.47
District of Columbia,2003,1.4,0.9,1.54
District of Columbia,2004,1.41,0.94,1.57
District of Columbia,2005,1.38,0.92,1.53
District of Columbia,2006,1.36,0.95,1.58
District of Columbia,2007,1.35,0.99,1.61
District of Columbia,2008,1.34,1.0,1.63
District of Columbia,2009,1.26,1.0,1.64
Florida,1977,1.33,0.33,1.47
Florida,1978,1.41,0.34,1.48
Florida,1979,1.47,0.37,1.51
Florida,1980,1.42,0.37,1.43
Florida,1981,1.55,0.39,1.38
Florida,1982,1.56,0.4,1.33
Florida,1983,1.56,0.4,1.23
Florida,1984,1.48,0.4,1.24
Florida,1985,1.47,0.41,1.16
Florida,1986,1.5,0.41,1.05
Florida,1987,1.51,0.42,1.03
Florida,1988,1.51,0.41,1.0
Florida,1989,1.51,0.39,1.0
Florida,1990,1.54,0.39,1.04
Florida,1991,1.43,0.34,0.92
Florida,1992,1.45,0.34,0.96
Florida,1993,1.44,0.33,0.92
Florida,1994,1.4,0.33,0.87
Florida,1995,1.34,0.35,0.82
Florida,1996,1.36,0.37,0.81
Florida,1997,1.34,0.37,0.8
Florida,1998,1.3,0.38,0.79
Florida,1999,1.33,0.4,0.8
Florida,2000,1.32,0.4,0.82
Florida,2001,1.33,0.4,0.82
Florida,2002,1.32,0.43,0.84
Florida,2003,1.32,0.44,0.86
Florida,2004,1.35,0.46,0.89
Florida,2005,1.34,0.47,0.91
Florida,2006,1.33,0.48,0.92
Florida,2007,1.3,0.49,0.93
Florida,2008,1.25,0.49,0.9
Florida,2009,1.21,0.48,0.92
Georgia,1977,1.08,0.16,1.23
Georgia,1978,1.14,0.19,1.26
Georgia,1979,1.17,0.19,1.22
Georgia,1980,1.07,0.19,1.09
Georgia,1981,1.1,0.18,1.09
Georgia,1982,1.12,0.21,1.04
Georgia,1983,1.14,0.22,1.05
Georgia,1984,1.18,0.23,1.06
Georgia,1985,1.17,0.25,1.01
Georgia,1986,1.22,0.27,0.95
Georgia,1987,1.22,0.27,1.0
Georgia,1988,1.22,0.26,0.92
Georgia,1989,1.18,0.24,0.94
Georgia,1990,1.22,0.23,0.86
Georgia,1991,1.16,0.22,0.78
Georgia,1992,1.22,0.21,0.79
Georgia,1993,1.23,0.2,0.77
Georgia,1994,1.17,0.2,0.77
Georgia,1995,1.2,0.22,0.71
Georgia,1996,1.22,0.24,0.7
Georgia,1997,1.19,0.25,0.7
Georgia,1998,1.21,0.24,0.7
Georgia,1999,1.23,0.27,0.69
Georgia,2000,1.22,0.26,0.69
Georgia,2001,1.19,0.26,0.65
Georgia,2002,1.2,0.26,0.65
Georgia,2003,1.19,0.26,0.66
Georgia,2004,1.17,0.26,0.63
Georgia,2005,1.13,0.26,0.63
Georgia,2006,1.17,0.26,0.64
Georgia,2007,1.16,0.26,0.64
Georgia,2008,1.13,0.25,0.64
Georgia,2009,1.08,0.25,0.64
Hawaii,1977,1.61,0.36,1.26
Hawaii,1978,1.38,0.46,1.3
Hawaii,1979,1.6,0.44,1.28
Hawaii,1980,1.65,0.46,1.21
Hawaii,1981,1.74,0.44,1.16
Hawaii,1982,1.8,0.48,1.14
Hawaii,1983,1.87,0.44,1.12
Hawaii,1984,1.65,0.41,0.91
Hawaii,1985,1.59,0.41,0.88
Hawaii,1986,1.6,0.44,0.85
Hawaii,1987,1.57,0.4,0.76
Hawaii,1988,1.62,0.45,0.79
Hawaii,1989,1.54,0.43,0.79
Hawaii,1990,1.64,0.4,0.79
Hawaii,1991,1.57,0.4,0.7
Hawaii,1992,1.55,0.39,0.69
Hawaii,1993,1.49,0.37,0.65
Hawaii,1994,1.46,0.38,0.62
Hawaii,1995,1.41,0.34,0.57
Hawaii,1996,1.4,0.36,0.58
Hawaii,1997,1.37,0.37,0.56
Hawaii,1998,1.32,0.37,0.54
Hawaii,1999,1.31,0.39,0.56
Hawaii,2000,1.33,0.39,0.6
Hawaii,2001,1.3,0.38,0.6
Hawaii,2002,1.27,0.39,0.62
Hawaii,2003,1.3,0.42,0.67
Hawaii,2004,1.39,0.49,0.68
Hawaii,2005,1.32,0.46,0.74
Hawaii,2006,1.3,0.48,0.78
Hawaii,2007,1.34,0.49,0.8
Hawaii,2008,1.35,0.52,0.74
Hawaii,2009,1.3,0.53,0.75
Idaho,1977,1.5,0.22,0.79
Idaho,1978,1.5,0.26,0.8
Idaho,1979,1.55,0.27,0.84
Idaho,1980,1.53,0.3,0.77
Idaho,1981,1.54,0.33,0.83
Idaho,1982,1.47,0.31,0.81
Idaho,1983,1.44,0.3,0.76
Idaho,1984,1.4,0.31,0.72
Idaho,1985,1.35,0.36,0.71
Idaho,1986,1.34,0.38,0.61
Idaho,1987,1.31,0.38,0.58
Idaho,1988,1.25,0.36,0.58
Idaho,1989,1.23,0.3,0.56
Idaho,1990,1.36,0.33,0.58
Idaho,1991,1.31,0.32,0.56
Idaho,1992,1.32,0.31,0.57
Idaho,1993,1.26,0.29,0.55
Idaho,1994,1.24,0.35,0.53
Idaho,1995,1.15,0.3,0.53
Idaho,1996,1.18,0.3,0.51
Idaho,1997,1.14,0.36,0.5
Idaho,1998,1.15,0.59,0.51
Idaho,1999,1.17,0.68,0.52
Idaho,2000,1.16,0.65,0.51
Idaho,2001,1.14,0.63,0.53
Idaho,2002,1.16,0.64,0.53
Idaho,2003,1.14,0.64,0.54
Idaho,2004,1.12,0.71,0.57
Idaho,2005,1.1,0.73,0.61
Idaho,2006,1.14,0.74,0.65
Idaho,2007,1.18,0.74,0.67
Idaho,2008,1.15,0.81,0.69
Idaho,2009,1.05,0.92,0.7
Illinois,1977,1.35,0.3,1.22
Illinois,1978,1.38,0.31,1.19
Illinois,1979,1.45,0.33,1.17
Illinois,1980,1.43,0.33,1.24
Illinois,1981,1.43,0.35,1.12
Illinois,1982,1.41,0.35,1.06
Illinois,1983,1.42,0.35,1.03
Illinois,1984,1.4,0.37,1.01
Illinois,1985,1.38,0.37,0.98
Illinois,1986,1.4,0.39,0.9
Illinois,1987,1.41,0.39,0.87
Illinois,1988,1.42,0.37,0.85
Illinois,1989,1.38,0.35,0.82
Illinois,1990,1.43,0.36,0.82
Illinois,1991,1.38,0.34,0.76
Illinois,1992,1.34,0.35,0.74
Illinois,1993,1.32,0.34,0.72
Illinois,1994,1.32,0.34,0.69
Illinois,1995,1.3,0.33,0.66
Illinois,1996,1.27,0.35,0.68
Illinois,1997,1.26,0.35,0.65
Illinois,1998,1.28,0.34,0.64
Illinois,1999,1.29,0.33,0.66
Illinois,2000,1.28,0.32,0.63
Illinois,2001,1.27,0.32,0.68
Illinois,2002,1.27,0.33,0.65
Illinois,2003,1.25,0.35,0.74
Illinois,2004,1.22,0.31,0.67
Illinois,2005,1.22,0.34,0.7
Illinois,2006,1.23,0.37,0.73
Illinois,2007,1.22,0.41,0.73
Illinois,2008,1.21,0.38,0.73
Illinois,2009,1.22,0.39,0.73
Indiana,1977,1.14,0.14,0.77
Indiana,1978,1.19,0.16,0.79
Indiana,1979,1.23,0.15,0.79
Indiana,1980,1.26,0.17,0.77
Indiana,1981,1.29,0.18,0.78
Indiana,1982,1.29,0.18,0.76
Indiana,1983,1.27,0.19,0.73
Indiana,1984,1.26,0.21,0.72
Indiana,1985,1.25,0.22,0.72
Indiana,1986,1.25,0.23,0.67
Indiana,1987,1.24,0.22,0.67
Indiana,1988,1.23,0.21,0.66
Indiana,1989,1.21,0.19,0.63
Indiana,1990,1.26,0.2,0.63
Indiana,1991,1.22,0.19,0.6
Indiana,1992,1.16,0.2,0.58
Indiana,1993,1.15,0.19,0.64
Indiana,1994,1.15,0.2,0.59
Indiana,1995,1.12,0.21,0.58
Indiana,1996,1.13,0.19,0.57
Indiana,1997,1.12,0.19,0.59
Indiana,1998,1.14,0.19,0.58
Indiana,1999,1.16,0.19,0.59
Indiana,2000,1.16,0.21,0.61
Indiana,2001,1.15,0.2,0.62
Indiana,2002,1.13,0.2,0.6
Indiana,2003,1.11,0.21,0.64
Indiana,2004,1.14,0.22,0.66
Indiana,2005,1.11,0.22,0.68
Indiana,2006,1.1,0.25,0.66
Indiana,2007,1.14,0.24,0.72
Indiana,2008,1.11,0.24,0.74
Indiana,2009,1.09,0.25,0.73
Iowa,1977,1.33,0.1,0.74
Iowa,1978,1.38,0.11,0.74
Iowa,1979,1.4,0.11,0.71
Iowa,1980,1.41,0.13,0.71
Iowa,1981,1.44,0.13,0.69
Iowa,1982,1.39,0.13,0.65
Iowa,1983,1.38,0.13,0.64
Iowa,1984,1.36,0.12,0.61
Iowa,1985,1.31,0.14,0.57
Iowa,1986,1.32,0.19,0.53
Iowa,1987,1.3,0.21,0.57
Iowa,1988,1.28,0.2,0.52
Iowa,1989,1.26,0.18,0.5
Iowa,1990,1.34,0.18,0.54
Iowa,1991,1.32,0.16,0.52
Iowa,1992,1.31,0.13,0.46
Iowa,1993,1.28,0.11,0.48
Iowa,1994,1.3,0.1,0.44
Iowa,1995,1.26,0.11,0.44
Iowa,1996,1.28,0.12,0.45
Iowa,1997,1.28,0.12,0.45
Iowa,1998,1.31,0.12,0.46
Iowa,1999,1.34,0.13,0.48
Iowa,2000,1.35,0.13,0.5
Iowa,2001,1.36,0.13,0.5
Iowa,2002,1.37,0.14,0.51
Iowa,2003,1.37,0.15,0.53
Iowa,2004,1.37,0.16,0.57
Iowa,2005,1.37,0.16,0.6
Iowa,2006,1.38,0.16,0.65
Iowa,2007,1.4,0.17,0.67
Iowa,2008,1.41,0.17,0.7
Iowa,2009,1.42,0.18,0.72
Kansas,1977,1.13,0.1,0.65
Kansas,1978,1.14,0.12,0.64
Kansas,1979,1.17,0.11,0.73
Kansas,1980,1.23,0.11,0.62
Kansas,1981,1.23,0.12,0.7
Kansas,1982,1.22,0.13,0.67
Kansas,1983,1.2,0.13,0.64
Kansas,1984,1.18,0.14,0.63
Kansas,1985,1.17,0.15,0.64
Kansas,1986,1.12,0.17,0.59
Kansas,1987,1.12,0.16,0.56
Kansas,1988,1.11,0.21,0.56
Kansas,1989,1.1,0.13,0.54
Kansas,1990,1.13,0.13,0.53
Kansas,1991,1.15,0.14,0.57
Kansas,1992,1.09,0.14,0.55
Kansas,1993,1.09,0.14,0.52
Kansas,1994,1.12,0.13,0.48
Kansas,1995,1.08,0.15,0.5
Kansas,1996,1.05,0.14,0.49
Kansas,1997,1.09,0.14,0.48
Kansas,1998,1.09,0.15,0.54
Kansas,1999,1.14,0.16,0.54
Kansas,2000,1.15,0.15,0.52
Kansas,2001,1.12,0.15,0.53
Kansas,2002,1.19,0.15,0.54
Kansas,2003,1.15,0.17,0.56
Kansas,2004,1.13,0.16,0.56
Kansas,2005,1.14,0.18,0.57
Kansas,2006,1.14,0.18,0.61
Kansas,2007,1.17,0.15,0.64
Kansas,2008,1.21,0.14,0.65
Kansas,2009,1.18,0.14,0.67
Kentucky,1977,1.19,0.09,0.75
Kentucky,1978,1.07,0.09,0.77
Kentucky,1979,1.1,0.09,0.77
Kentucky,1980,1.08,0.1,0.74
Kentucky,1981,1.13,0.11,0.75
Kentucky,1982,1.14,0.12,0.73
Kentucky,1983,1.13,0.12,0.69
Kentucky,1984,1.05,0.12,0.68
Kentucky,1985,1.07,0.13,0.66
Kentucky,1986,1.09,0.13,0.62
Kentucky,1987,1.03,0.14,0.59
Kentucky,1988,1.08,0.12,0.59
Kentucky,1989,1.08,0.12,0.56
Kentucky,1990,1.12,0.11,0.6
Kentucky,1991,1.11,0.11,0.56
Kentucky,1992,1.04,0.11,0.56
Kentucky,1993,1.08,0.1,0.55
Kentucky,1994,1.08,0.11,0.55
Kentucky,1995,1.05,0.12,0.54
Kentucky,1996,1.05,0.13,0.54
Kentucky,1997,1.06,0.13,0.53
Kentucky,1998,1.07,0.13,0.53
Kentucky,1999,1.07,0.13,0.54
Kentucky,2000,1.07,0.14,0.54
Kentucky,2001,1.04,0.12,0.46
Kentucky,2002,1.08,0.14,0.54
Kentucky,2003,1.03,0.15,0.56
Kentucky,2004,1.07,0.17,0.57
Kentucky,2005,1.05,0.14,0.61
Kentucky,2006,1.04,0.17,0.62
Kentucky,2007,1.05,0.17,0.63
Kentucky,2008,1.03,0.18,0.65
Kentucky,2009,1.11,0.18,0.65
Louisiana,1977,1.3,0.25,1.03
Louisiana,1978,1.35,0.25,1.07
Louisiana,1979,1.36,0.26,1.08
Louisiana,1980,1.41,0.27,1.04
Louisiana,1981,1.48,0.27,1.02
Louisiana,1982,1.49,0.3,1.0
Louisiana,1983,1.43,0.3,1.02
Louisiana,1984,1.4,0.29,0.94
Louisiana,1985,1.35,0.27,0.86
Louisiana,1986,1.39,0.26,0.78
Louisiana,1987,1.36,0.24,0.75
Louisiana,1988,1.44,0.24,0.69
Louisiana,1989,1.43,0.23,0.72
Louisiana,1990,1.53,0.23,0.78
Louisiana,1991,1.52,0.21,0.73
Louisiana,1992,1.55,0.22,0.74
Louisiana,1993,1.53,0.21,0.72
Louisiana,1994,1.45,0.21,0.73
Louisiana,1995,1.55,0.21,0.73
Louisiana,1996,1.5,0.22,0.72
Louisiana,1997,1.5,0.23,0.71
Louisiana,1998,1.5,0.23,0.7
Louisiana,1999,1.54,0.24,0.69
Louisiana,2000,1.5,0.22,0.7
Louisiana,2001,1.49,0.23,0.69
Louisiana,2002,1.33,0.24,0.71
Louisiana,2003,1.42,0.25,0.73
Louisiana,2004,1.39,0.26,0.73
Louisiana,2005,1.47,0.24,0.72
Louisiana,2006,1.61,0.25,0.8
Louisiana,2007,1.57,0.28,0.81
Louisiana,2008,1.56,0.27,0.83
Louisiana,2009,1.5,0.28,0.85
Maine,1977,1.37,0.23,1.04
Maine,1978,1.31,0.27,1.05
Maine,1979,1.3,0.27,1.08
Maine,1980,1.32,0.29,1.06
Maine,1981,1.24,0.28,1.05
Maine,1982,1.3,0.3,1.02
Maine,1983,1.32,0.29,1.03
Maine,1984,1.25,0.31,1.01
Maine,1985,1.29,0.33,0.94
Maine,1986,1.28,0.36,0.91
Maine,1987,1.26,0.38,0.91
Maine,1988,1.28,0.36,0.91
Maine,1989,1.25,0.34,0.85
Maine,1990,1.21,0.31,0.82
Maine,1991,1.18,0.3,0.77
Maine,1992,1.16,0.29,0.78
Maine,1993,1.15,0.29,0.79
Maine,1994,1.13,0.27,0.77
Maine,1995,1.17,0.29,0.72
Maine,1996,1.17,0.33,0.71
Maine,1997,1.15,0.33,0.71
Maine,1998,1.14,0.34,0.68
Maine,1999,1.16,0.37,0.73
Maine,2000,1.17,0.39,0.73
Maine,2001,1.2,0.37,0.69
Maine,2002,1.23,0.39,0.69
Maine,2003,1.24,0.39,0.73
Maine,2004,1.24,0.41,0.76
Maine,2005,1.24,0.41,0.77
Maine,2006,1.26,0.42,0.79
Maine,2007,1.27,0.43,0.8
Maine,2008,1.26,0.42,0.82
Maine,2009,1.24,0.42,0.83
Maryland,1977,1.37,0.3,1.39
Maryland,1978,1.41,0.31,1.38
Maryland,1979,1.43,0.31,1.39
Maryland,1980,1.42,0.33,1.35
Maryland,1981,1.39,0.34,1.33
Maryland,1982,1.27,0.32,1.17
Maryland,1983,1.34,0.35,1.2
Maryland,1984,1.31,0.36,1.17
Maryland,1985,1.31,0.36,1.14
Maryland,1986,1.29,0.39,1.08
Maryland,1987,1.29,0.38,1.07
Maryland,1988,1.26,0.36,1.01
Maryland,1989,1.22,0.34,0.98
Maryland,1990,1.22,0.33,0.96
Maryland,1991,1.15,0.3,0.89
Maryland,1992,1.11,0.29,0.86
Maryland,1993,1.1,0.28,0.8
Maryland,1994,1.09,0.28,0.78
Maryland,1995,1.06,0.28,0.74
Maryland,1996,1.05,0.29,0.74
Maryland,1997,1.05,0.29,0.73
Maryland,1998,1.05,0.3,0.73
Maryland,1999,1.04,0.3,0.74
Maryland,2000,1.04,0.3,0.75
Maryland,2001,1.06,0.3,0.75
Maryland,2002,1.05,0.31,0.75
Maryland,2003,1.02,0.32,0.77
Maryland,2004,1.03,0.33,0.79
Maryland,2005,0.93,0.32,0.85
Maryland,2006,1.02,0.34,0.83
Maryland,2007,1.01,0.36,0.84
Maryland,2008,0.99,0.36,0.85
Maryland,2009,0.97,0.37,0.87
Massachusetts,1977,1.34,0.37,1.24
Massachusetts,1978,1.37,0.4,1.25
Massachusetts,1979,1.39,0.42,1.23
Massachusetts,1980,1.47,0.45,1.27
Massachusetts,1981,1.44,0.49,1.24
Massachusetts,1982,1.35,0.49,1.22
Massachusetts,1983,1.36,0.5,1.21
Massachusetts,1984,1.3,0.51,1.24
Massachusetts,1985,1.3,0.51,1.21
Massachusetts,1986,1.31,0.53,1.12
Massachusetts,1987,1.29,0.51,1.12
Massachusetts,1988,1.29,0.5,1.07
Massachusetts,1989,1.26,0.47,1.02
Massachusetts,1990,1.22,0.45,0.97
Massachusetts,1991,1.19,0.43,0.87
Massachusetts,1992,1.12,0.44,0.82
Massachusetts,1993,1.14,0.44,0.8
Massachusetts,1994,1.14,0.44,0.8
Massachusetts,1995,1.13,0.44,0.78
Massachusetts,1996,1.11,0.48,0.77
Massachusetts,1997,1.13,0.49,0.76
Massachusetts,1998,1.14,0.5,0.75
Massachusetts,1999,1.09,0.51,0.79
Massachusetts,2000,1.16,0.51,0.87
Massachusetts,2001,1.12,0.52,0.78
Massachusetts,2002,1.13,0.54,0.8
Massachusetts,2003,1.1,0.56,0.82
Massachusetts,2004,1.1,0.58,0.84
Massachusetts,2005,1.07,0.59,0.85
Massachusetts,2006,1.1,0.61,0.84
Massachusetts,2007,1.01,0.61,0.86
Massachusetts,2008,1.07,0.62,0.84
Massachusetts,2009,1.02,0.61,0.84
Michigan,1977,1.45,0.24,1.02
Michigan,1978,1.43,0.25,1.05
Michigan,1979,1.37,0.25,1.03
Michigan,1980,1.34,0.28,1.03
Michigan,1981,1.34,0.29,1.0
Michigan,1982,1.35,0.39,0.98
Michigan,1983,1.35,0.28,0.97
Michigan,1984,1.32,0.31,0.97
Michigan,1985,1.3,0.32,0.95
Michigan,1986,1.33,0.33,0.9
Michigan,1987,1.32,0.33,0.85
Michigan,1988,1.31,0.32,0.84
Michigan,1989,1.29,0.3,0.8
Michigan,1990,1.33,0.28,0.8
Michigan,1991,1.3,0.22,0.74
Michigan,1992,1.26,0.22,0.74
Michigan,1993,1.25,0.2,0.72
Michigan,1994,1.23,0.2,0.67
Michigan,1995,1.2,0.19,0.66
Michigan,1996,1.2,0.22,0.67
Michigan,1997,1.17,0.22,0.66
Michigan,1998,1.2,0.22,0.69
Michigan,1999,1.19,0.24,0.68
Michigan,2000,1.19,0.24,0.69
Michigan,2001,1.19,0.24,0.68
Michigan,2002,1.16,0.23,0.68
Michigan,2003,1.17,0.26,0.7
Michigan,2004,1.15,0.28,0.72
Michigan,2005,1.14,0.28,0.75
Michigan,2006,1.12,0.29,0.76
Michigan,2007,1.12,0.3,0.78
Michigan,2008,1.12,0.3,0.8
Michigan,2009,1.1,0.31,0.8
Minnesota,1977,1.3,0.2,1.15
Minnesota,1978,1.31,0.23,1.15
Minnesota,1979,1.35,0.24,1.16
Minnesota,1980,1.4,0.26,1.2
Minnesota,1981,1.39,0.27,1.18
Minnesota,1982,1.36,0.27,1.11
Minnesota,1983,1.37,0.27,1.1
Minnesota,1984,1.34,0.28,1.07
Minnesota,1985,1.31,0.31,1.06
Minnesota,1986,1.3,0.33,0.92
Minnesota,1987,1.31,0.32,0.94
Minnesota,1988,1.3,0.3,0.89
Minnesota,1989,1.28,0.27,0.88
Minnesota,1990,1.32,0.27,0.96
Minnesota,1991,1.3,0.24,0.81
Minnesota,1992,1.25,0.25,0.85
Minnesota,1993,1.24,0.24,0.84
Minnesota,1994,1.27,0.25,0.83
Minnesota,1995,1.24,0.26,0.83
Minnesota,1996,1.25,0.26,0.83
Minnesota,1997,1.23,0.27,0.83
Minnesota,1998,1.16,0.27,0.84
Minnesota,1999,1.23,0.27,0.86
Minnesota,2000,1.24,0.26,0.87
Minnesota,2001,1.25,0.26,0.87
Minnesota,2002,1.25,0.28,0.87
Minnesota,2003,1.21,0.29,0.9
Minnesota,2004,1.23,0.31,0.93
Minnesota,2005,1.18,0.32,0.96
Minnesota,2006,1.15,0.32,0.93
Minnesota,2007,1.16,0.36,0.97
Minnesota,2008,1.21,0.37,1.03
Minnesota,2009,1.19,0.37,1.04
Mississippi,1977,1.08,0.11,0.86
Mississippi,1978,1.16,0.1,0.91
Mississippi,1979,1.15,0.1,0.84
Mississippi,1980,1.13,0.1,0.86
Mississippi,1981,1.19,0.11,0.84
Mississippi,1982,1.19,0.11,0.82
Mississippi,1983,1.19,0.11,0.79
Mississippi,1984,1.19,0.11,0.77
Mississippi,1985,1.21,0.1,0.73
Mississippi,1986,1.26,0.1,0.68
Mississippi,1987,1.26,0.09,0.66
Mississippi,1988,1.28,0.09,0.66
Mississippi,1989,1.26,0.09,0.65
Mississippi,1990,1.34,0.09,0.65
Mississippi,1991,1.32,0.09,0.64
Mississippi,1992,1.35,0.09,0.63
Mississippi,1993,1.37,0.1,0.63
Mississippi,1994,1.28,0.08,0.63
Mississippi,1995,1.36,0.09,0.61
Mississippi,1996,1.37,0.09,0.62
Mississippi,1997,1.37,0.09,0.61
Mississippi,1998,1.4,0.09,0.59
Mississippi,1999,1.45,0.1,0.61
Mississippi,2000,1.44,0.09,0.6
Mississippi,2001,1.39,0.11,0.6
Mississippi,2002,1.4,0.12,0.61
Mississippi,2003,1.4,0.12,0.62
Mississippi,2004,1.39,0.12,0.63
Mississippi,2005,1.4,0.12,0.65
Mississippi,2006,1.46,0.12,0.67
Mississippi,2007,1.46,0.12,0.68
Mississippi,2008,1.45,0.12,0.7
Mississippi,2009,1.41,0.11,0.71
Missouri,1977,1.23,0.19,0.83
Missouri,1978,1.31,0.2,0.89
Missouri,1979,1.37,0.2,0.86
Missouri,1980,1.39,0.2,0.84
Missouri,1981,1.4,0.21,0.83
Missouri,1982,1.38,0.21,0.79
Missouri,1983,1.37,0.22,0.78
Missouri,1984,1.34,0.25,0.68
Missouri,1985,1.33,0.26,0.76
Missouri,1986,1.36,0.28,0.72
Missouri,1987,1.36,0.27,0.72
Missouri,1988,1.33,0.25,0.69
Missouri,1989,1.33,0.22,0.69
Missouri,1990,1.37,0.22,0.7
Missouri,1991,1.35,0.22,0.64
Missouri,1992,1.34,0.21,0.69
Missouri,1993,1.33,0.2,0.67
Missouri,1994,1.36,0.19,0.66
Missouri,1995,1.31,0.2,0.62
Missouri,1996,1.31,0.22,0.57
Missouri,1997,1.3,0.22,0.63
Missouri,1998,1.33,0.23,0.63
Missouri,1999,1.35,0.23,0.66
Missouri,2000,1.35,0.23,0.67
Missouri,2001,1.34,0.23,0.67
Missouri,2002,1.47,0.25,0.67
Missouri,2003,1.33,0.26,0.69
Missouri,2004,1.32,0.26,0.71
Missouri,2005,1.3,0.27,0.72
Missouri,2006,1.33,0.28,0.76
Missouri,2007,1.33,0.3,0.78
Missouri,2008,1.32,0.3,0.8
Missouri,2009,1.3,0.3,0.83
Montana,1977,1.83,0.2,1.1
Montana,1978,1.82,0.2,1.07
Montana,1979,1.83,0.41,1.05
Montana,1980,1.82,0.35,1.04
Montana,1981,1.9,0.33,1.05
Montana,1982,1.82,0.32,1.02
Montana,1983,1.79,0.32,0.99
Montana,1984,1.7,0.32,0.93
Montana,1985,1.6,0.33,0.88
Montana,1986,1.58,0.34,0.81
Montana,1987,1.57,0.33,0.77
Montana,1988,1.59,0.32,0.76
Montana,1989,1.56,0.29,0.72
Montana,1990,1.6,0.29,0.77
Montana,1991,1.61,0.28,0.76
Montana,1992,1.59,0.26,0.75
Montana,1993,1.49,0.25,0.73
Montana,1994,1.57,0.24,0.7
Montana,1995,1.49,0.26,0.78
Montana,1996,1.49,0.27,0.64
Montana,1997,1.49,0.29,0.63
Montana,1998,1.51,0.28,0.65
Montana,1999,1.56,0.29,0.67
Montana,2000,1.55,0.29,0.68
Montana,2001,1.57,0.3,0.68
Montana,2002,1.61,0.33,0.7
Montana,2003,1.55,0.33,0.72
Montana,2004,1.54,0.34,0.74
Montana,2005,1.53,0.35,0.78
Montana,2006,1.64,0.41,0.83
Montana,2007,1.68,0.43,0.86
Montana,2008,1.68,0.44,0.87
Montana,2009,1.66,0.45,0.88
Nebraska,1977,1.45,0.17,0.91
Nebraska,1978,1.47,0.18,0.89
Nebraska,1979,1.5,0.18,0.88
Nebraska,1980,1.56,0.19,0.89
Nebraska,1981,1.57,0.2,0.88
Nebraska,1982,1.5,0.28,0.58
Nebraska,1983,1.49,0.21,0.79
Nebraska,1984,1.44,0.2,0.76
Nebraska,1985,1.4,0.22,0.75
Nebraska,1986,1.38,0.23,0.67
Nebraska,1987,1.4,0.22,0.65
Nebraska,1988,1.37,0.22,0.65
Nebraska,1989,1.37,0.19,0.62
Nebraska,1990,1.41,0.2,0.64
Nebraska,1991,1.4,0.18,0.61
Nebraska,1992,1.37,0.18,0.61
Nebraska,1993,1.37,0.18,0.59
Nebraska,1994,1.39,0.18,0.57
Nebraska,1995,1.35,0.19,0.57
Nebraska,1996,1.35,0.18,0.57
Nebraska,1997,1.35,0.18,0.56
Nebraska,1998,1.39,0.18,0.58
Nebraska,1999,1.42,0.17,0.6
Nebraska,2000,1.44,0.17,0.62
Nebraska,2001,1.43,0.16,0.6
Nebraska,2002,1.45,0.17,0.61
Nebraska,2003,1.42,0.18,0.63
Nebraska,2004,1.43,0.19,0.64
Nebraska,2005,1.41,0.2,0.68
Nebraska,2006,1.43,0.21,0.71
Nebraska,2007,1.45,0.21,0.67
Nebraska,2008,1.47,0.21,0.68
Nebraska,2009,1.46,0.2,0.68
Nevada,1977,2.15,0.83,3.85
Nevada,1978,2.2,0.85,3.65
Nevada,1979,2.28,0.88,3.28
Nevada,1980,2.09,0.79,2.94
Nevada,1981,2.08,0.8,2.71
Nevada,1982,1.99,0.77,2.5
Nevada,1983,1.98,0.79,2.45
Nevada,1984,2.01,0.82,2.36
Nevada,1985,1.96,0.84,2.18
Nevada,1986,2.07,0.88,2.11
Nevada,1987,2.05,0.84,2.09
Nevada,1988,2.13,0.78,2.0
Nevada,1989,2.18,0.73,1.92
Nevada,1990,2.17,0.69,1.92
Nevada,1991,2.05,0.63,1.63
Nevada,1992,2.02,0.62,1.61
Nevada,1993,1.95,0.58,1.54
Nevada,1994,1.93,0.57,1.51
Nevada,1995,1.87,0.58,1.39
Nevada,1996,1.91,0.59,1.39
Nevada,1997,1.84,0.58,1.3
Nevada,1998,1.8,0.58,1.23
Nevada,1999,1.82,0.63,1.29
Nevada,2000,1.79,0.62,1.26
Nevada,2001,1.81,0.6,1.22
Nevada,2002,1.75,0.61,1.24
Nevada,2003,1.76,0.62,1.25
Nevada,2004,1.75,0.64,1.26
Nevada,2005,1.71,0.62,1.23
Nevada,2006,1.74,0.66,1.3
Nevada,2007,1.71,0.64,1.27
Nevada,2008,1.68,0.63,1.33
Nevada,2009,1.57,0.58,1.15
New Hampshire,1977,1.89,0.5,2.93
New Hampshire,1978,1.99,0.54,2.94
New Hampshire,1979,1.98,0.62,2.61
New Hampshire,1980,2.21,0.69,2.86
New Hampshire,1981,1.89,0.59,2.44
New Hampshire,1982,1.89,0.58,2.34
New Hampshire,1983,2.17,0.56,2.35
New Hampshire,1984,1.99,0.59,2.33
New Hampshire,1985,1.99,0.53,2.21
New Hampshire,1986,1.93,0.52,2.06
New Hampshire,1987,1.93,0.5,1.98
New Hampshire,1988,1.91,0.49,1.94
New Hampshire,1989,1.87,0.5,1.99
New Hampshire,1990,1.85,0.49,1.97
New Hampshire,1991,1.85,0.49,1.96
New Hampshire,1992,1.81,0.52,1.96
New Hampshire,1993,1.83,0.54,2.01
New Hampshire,1994,1.75,0.48,1.9
New Hampshire,1995,1.74,0.51,1.87
New Hampshire,1996,1.73,0.55,1.85
New Hampshire,1997,1.73,0.55,1.76
New Hampshire,1998,1.72,0.54,1.73
New Hampshire,1999,1.75,0.56,1.7
New Hampshire,2000,1.75,0.56,1.69
New Hampshire,2001,1.74,0.65,1.61
New Hampshire,2002,1.73,0.69,1.63
New Hampshire,2003,1.72,0.7,1.61
New Hampshire,2004,1.71,0.7,1.65
New Hampshire,2005,1.72,0.71,1.68
New Hampshire,2006,1.73,0.72,1.76
New Hampshire,2007,1.74,0.74,1.75
New Hampshire,2008,1.71,0.81,1.79
New Hampshire,2009,1.72,0.84,1.82
New Jersey,1977,1.16,0.4,1.13
New Jersey,1978,1.17,0.42,1.1
New Jersey,1979,1.18,0.43,1.1
New Jersey,1980,1.23,0.47,1.13
New Jersey,1981,1.22,0.51,1.15
New Jersey,1982,1.22,0.52,1.13
New Jersey,1983,1.21,0.52,1.13
New Jersey,1984,1.19,0.55,1.1
New Jersey,1985,1.18,0.55,1.08
New Jersey,1986,1.18,0.56,1.03
New Jersey,1987,1.18,0.54,1.01
New Jersey,1988,1.15,0.51,0.93
New Jersey,1989,1.13,0.5,0.96
New Jersey,1990,1.15,0.48,0.95
New Jersey,1991,1.09,0.43,0.82
New Jersey,1992,1.07,0.44,0.83
New Jersey,1993,1.07,0.42,0.79
New Jersey,1994,1.04,0.43,0.79
New Jersey,1995,1.03,0.44,0.75
New Jersey,1996,1.0,0.44,0.76
New Jersey,1997,0.98,0.42,0.74
New Jersey,1998,0.98,0.46,0.69
New Jersey,1999,0.97,0.46,0.71
New Jersey,2000,0.96,0.47,0.77
New Jersey,2001,0.99,0.47,0.75
New Jersey,2002,0.98,0.49,0.77
New Jersey,2003,0.95,0.5,0.79
New Jersey,2004,0.96,0.52,0.82
New Jersey,2005,0.95,0.51,0.82
New Jersey,2006,0.94,0.53,0.84
New Jersey,2007,0.93,0.55,0.86
New Jersey,2008,0.94,0.55,0.86
New Jersey,2009,0.92,0.57,0.87
New Mexico,1977,1.65,0.32,0.96
New Mexico,1978,1.68,0.32,0.98
New Mexico,1979,1.71,0.3,1.01
New Mexico,1980,1.66,0.32,1.0
New Mexico,1981,1.74,0.32,0.95
New Mexico,1982,1.72,0.34,0.94
New Mexico,1983,1.72,0.31,0.98
New Mexico,1984,1.71,0.28,0.76
New Mexico,1985,1.7,0.36,0.77
New Mexico,1986,1.64,0.35,0.7
New Mexico,1987,1.63,0.35,0.67
New Mexico,1988,1.63,0.33,0.67
New Mexico,1989,1.64,0.29,0.65
New Mexico,1990,1.68,0.28,0.68
New Mexico,1991,1.64,0.26,0.64
New Mexico,1992,1.56,0.25,0.66
New Mexico,1993,1.53,0.23,0.63
New Mexico,1994,1.46,0.19,0.6
New Mexico,1995,1.56,0.24,0.6
New Mexico,1996,1.55,0.24,0.59
New Mexico,1997,1.51,0.24,0.58
New Mexico,1998,1.49,0.24,0.58
New Mexico,1999,1.53,0.25,0.59
New Mexico,2000,1.53,0.25,0.61
New Mexico,2001,1.54,0.25,0.61
New Mexico,2002,1.53,0.26,0.61
New Mexico,2003,1.52,0.27,0.61
New Mexico,2004,1.45,0.25,0.66
New Mexico,2005,1.48,0.29,0.67
New Mexico,2006,1.38,0.31,0.7
New Mexico,2007,1.41,0.31,0.71
New Mexico,2008,1.43,0.31,0.72
New Mexico,2009,1.37,0.32,0.74
New York,1977,1.18,0.38,1.17
New York,1978,1.18,0.42,1.17
New York,1979,1.21,0.44,1.17
New York,1980,1.28,0.46,1.18
New York,1981,1.25,0.46,1.12
New York,1982,1.26,0.48,1.1
New York,1983,1.23,0.49,1.05
New York,1984,1.15,0.49,1.03
New York,1985,1.14,0.49,0.98
New York,1986,1.13,0.5,0.92
New York,1987,1.15,0.48,0.9
New York,1988,1.15,0.45,0.87
New York,1989,1.12,0.42,0.82
New York,1990,1.13,0.41,0.76
New York,1991,1.09,0.37,0.69
New York,1992,1.04,0.37,0.68
New York,1993,1.0,0.35,0.62
New York,1994,0.98,0.35,0.6
New York,1995,0.98,0.38,0.57
New York,1996,0.97,0.36,0.57
New York,1997,0.94,0.37,0.57
New York,1998,0.95,0.38,0.51
New York,1999,0.93,0.37,0.56
New York,2000,0.92,0.38,0.58
New York,2001,0.96,0.37,0.56
New York,2002,0.95,0.38,0.59
New York,2003,0.93,0.4,0.61
New York,2004,0.91,0.41,0.62
New York,2005,0.9,0.43,0.64
New York,2006,0.88,0.45,0.65
New York,2007,0.92,0.46,0.68
New York,2008,0.92,0.47,0.67
New York,2009,0.91,0.46,0.69
North Carolina,1977,1.01,0.2,0.84
North Carolina,1978,1.06,0.2,0.86
North Carolina,1979,1.08,0.22,0.88
North Carolina,1980,1.11,0.2,0.86
North Carolina,1981,1.1,0.21,0.86
North Carolina,1982,1.07,0.21,0.85
North Carolina,1983,1.1,0.22,0.8
North Carolina,1984,1.11,0.24,0.78
North Carolina,1985,1.09,0.27,0.76
North Carolina,1986,1.12,0.3,0.74
North Carolina,1987,1.11,0.28,0.71
North Carolina,1988,1.12,0.28,0.68
North Carolina,1989,1.13,0.27,0.66
North Carolina,1990,1.16,0.27,0.65
North Carolina,1991,1.11,0.24,0.6
North Carolina,1992,1.14,0.23,0.59
North Carolina,1993,1.14,0.22,0.56
North Carolina,1994,1.14,0.21,0.54
North Carolina,1995,1.12,0.22,0.53
North Carolina,1996,1.14,0.24,0.52
North Carolina,1997,1.15,0.23,0.51
North Carolina,1998,1.13,0.23,0.5
North Carolina,1999,1.16,0.24,0.51
North Carolina,2000,1.19,0.23,0.52
North Carolina,2001,1.23,0.25,0.51
North Carolina,2002,1.25,0.27,0.5
North Carolina,2003,1.21,0.27,0.52
North Carolina,2004,1.17,0.3,0.53
North Carolina,2005,1.13,0.3,0.54
North Carolina,2006,1.15,0.33,0.55
North Carolina,2007,1.16,0.33,0.56
North Carolina,2008,1.14,0.34,0.58
North Carolina,2009,1.1,0.34,0.58
North Dakota,1977,1.35,0.15,1.12
North Dakota,1978,1.45,0.16,1.15
North Dakota,1979,1.45,0.16,1.1
North Dakota,1980,1.53,0.17,1.14
North Dakota,1981,1.53,0.18,1.14
North Dakota,1982,1.52,0.18,1.09
North Dakota,1983,1.48,0.17,1.05
North Dakota,1984,1.4,0.17,0.98
North Dakota,1985,1.33,0.19,0.96
North Dakota,1986,1.32,0.22,0.86
North Dakota,1987,1.35,0.2,0.87
North Dakota,1988,1.38,0.19,0.86
North Dakota,1989,1.38,0.17,0.84
North Dakota,1990,1.47,0.17,0.93
North Dakota,1991,1.43,0.16,0.86
North Dakota,1992,1.38,0.15,0.85
North Dakota,1993,1.37,0.15,0.84
North Dakota,1994,1.39,0.15,0.78
North Dakota,1995,1.35,0.16,0.77
North Dakota,1996,1.4,0.13,0.77
North Dakota,1997,1.4,0.13,0.77
North Dakota,1998,1.45,0.13,0.76
North Dakota,1999,1.49,0.15,0.78
North Dakota,2000,1.47,0.15,0.79
North Dakota,2001,1.46,0.15,0.8
North Dakota,2002,1.51,0.16,0.84
North Dakota,2003,1.54,0.17,0.86
North Dakota,2004,1.5,0.18,0.83
North Dakota,2005,1.51,0.19,0.95
North Dakota,2006,1.52,0.21,1.01
North Dakota,2007,1.57,0.23,1.08
North Dakota,2008,1.63,0.24,1.14
North Dakota,2009,1.63,0.25,1.16
Ohio,1977,1.17,0.18,0.7
Ohio,1978,1.19,0.2,0.7
Ohio,1979,1.36,0.2,0.71
Ohio,1980,1.39,0.22,0.72
Ohio,1981,1.35,0.22,0.68
Ohio,1982,1.4,0.22,0.66
Ohio,1983,1.36,0.22,0.65
Ohio,1984,1.41,0.25,0.61
Ohio,1985,1.37,0.25,0.59
Ohio,1986,1.32,0.25,0.6
Ohio,1987,1.35,0.24,0.59
Ohio,1988,1.34,0.24,0.54
Ohio,1989,1.35,0.22,0.5
Ohio,1990,1.34,0.22,0.53
Ohio,1991,1.33,0.18,0.51
Ohio,1992,1.32,0.17,0.5
Ohio,1993,1.29,0.16,0.5
Ohio,1994,1.31,0.16,0.37
Ohio,1995,1.28,0.17,0.46
Ohio,1996,1.3,0.18,0.45
Ohio,1997,1.28,0.18,0.46
Ohio,1998,1.31,0.19,0.47
Ohio,1999,1.32,0.2,0.48
Ohio,2000,1.3,0.19,0.5
Ohio,2001,1.33,0.21,0.47
Ohio,2002,1.34,0.21,0.47
Ohio,2003,1.33,0.22,0.48
Ohio,2004,1.33,0.22,0.41
Ohio,2005,1.31,0.23,0.43
Ohio,2006,1.32,0.24,0.44
Ohio,2007,1.33,0.25,0.45
Ohio,2008,1.32,0.26,0.46
Ohio,2009,1.28,0.26,0.47
Oklahoma,1977,1.07,0.14,0.78
Oklahoma,1978,1.08,0.14,0.82
Oklahoma,1979,1.05,0.13,0.8
Oklahoma,1980,1.08,0.16,0.71
Oklahoma,1981,1.14,0.16,0.83
Oklahoma,1982,1.17,0.16,0.83
Oklahoma,1983,1.05,0.16,0.77
Oklahoma,1984,1.01,0.16,0.74
Oklahoma,1985,1.04,0.15,0.68
Oklahoma,1986,1.04,0.15,0.61
Oklahoma,1987,1.04,0.15,0.57
Oklahoma,1988,1.05,0.14,0.5
Oklahoma,1989,1.05,0.13,0.53
Oklahoma,1990,1.12,0.14,0.55
Oklahoma,1991,1.09,0.13,0.54
Oklahoma,1992,1.13,0.13,0.55
Oklahoma,1993,1.11,0.11,0.48
Oklahoma,1994,1.15,0.13,0.5
Oklahoma,1995,1.1,0.12,0.44
Oklahoma,1996,1.09,0.12,0.45
Oklahoma,1997,1.1,0.12,0.43
Oklahoma,1998,1.12,0.12,0.43
Oklahoma,1999,1.11,0.12,0.44
Oklahoma,2000,1.13,0.12,0.44
Oklahoma,2001,1.11,0.12,0.43
Oklahoma,2002,1.11,0.13,0.58
Oklahoma,2003,1.06,0.13,0.73
Oklahoma,2004,1.1,0.13,0.45
Oklahoma,2005,1.09,0.16,0.55
Oklahoma,2006,1.15,0.17,0.57
Oklahoma,2007,1.18,0.17,0.58
Oklahoma,2008,1.23,0.18,0.58
Oklahoma,2009,1.18,0.18,0.58
Oregon,1977,1.33,0.46,0.96
Oregon,1978,1.34,0.47,0.98
Oregon,1979,1.39,0.47,0.96
Oregon,1980,1.37,0.51,0.94
Oregon,1981,1.38,0.5,0.92
Oregon,1982,1.33,0.53,0.88
Oregon,1983,1.31,0.53,0.85
Oregon,1984,1.28,0.53,0.82
Oregon,1985,1.25,0.55,0.77
Oregon,1986,1.26,0.54,0.73
Oregon,1987,1.26,0.53,0.72
Oregon,1988,1.27,0.51,0.71
Oregon,1989,1.26,0.46,0.69
Oregon,1990,1.32,0.47,0.73
Oregon,1991,1.28,0.44,0.67
Oregon,1992,1.29,0.46,0.67
Oregon,1993,1.24,0.43,0.64
Oregon,1994,1.23,0.37,0.62
Oregon,1995,1.21,0.42,0.59
Oregon,1996,1.23,0.44,0.61
Oregon,1997,1.19,0.44,0.6
Oregon,1998,1.2,0.43,0.61
Oregon,1999,1.21,0.43,0.63
Oregon,2000,1.2,0.44,0.64
Oregon,2001,1.22,0.43,0.65
Oregon,2002,1.22,0.46,0.66
Oregon,2003,1.2,0.47,0.68
Oregon,2004,1.22,0.49,0.71
Oregon,2005,1.23,0.48,0.74
Oregon,2006,1.26,0.49,0.78
Oregon,2007,1.29,0.49,0.81
Oregon,2008,1.21,0.49,0.82
Oregon,2009,1.28,0.49,0.82
Pennsylvania,1977,1.35,0.2,0.74
Pennsylvania,1978,1.36,0.21,0.74
Pennsylvania,1979,1.42,0.22,0.73
Pennsylvania,1980,1.45,0.22,0.71
Pennsylvania,1981,1.42,0.23,0.72
Pennsylvania,1982,1.44,0.23,0.7
Pennsylvania,1983,1.41,0.22,0.67
Pennsylvania,1984,1.37,0.21,0.66
Pennsylvania,1985,1.37,0.21,0.65
Pennsylvania,1986,1.38,0.21,0.64
Pennsylvania,1987,1.38,0.2,0.61
Pennsylvania,1988,1.39,0.19,0.53
Pennsylvania,1989,1.36,0.18,0.56
Pennsylvania,1990,1.42,0.18,0.55
Pennsylvania,1991,1.36,0.17,0.52
Pennsylvania,1992,1.3,0.18,0.51
Pennsylvania,1993,1.31,0.17,0.48
Pennsylvania,1994,1.28,0.18,0.47
Pennsylvania,1995,1.23,0.18,0.45
Pennsylvania,1996,1.22,0.19,0.45
Pennsylvania,1997,1.2,0.19,0.44
Pennsylvania,1998,1.21,0.19,0.45
Pennsylvania,1999,1.2,0.21,0.46
Pennsylvania,2000,1.21,0.21,0.47
Pennsylvania,2001,1.32,0.2,0.48
Pennsylvania,2002,1.35,0.22,0.49
Pennsylvania,2003,1.3,0.23,0.51
Pennsylvania,2004,1.3,0.24,0.54
Pennsylvania,2005,1.29,0.24,0.55
Pennsylvania,2006,1.3,0.24,0.57
Pennsylvania,2007,1.34,0.24,0.59
Pennsylvania,2008,1.36,0.23,0.6
Pennsylvania,2009,1.35,0.23,0.61
Rhode Island,1977,1.39,0.43,1.12
Rhode Island,1978,1.41,0.5,1.16
Rhode Island,1979,1.46,0.5,1.11
Rhode Island,1980,1.46,0.53,1.14
Rhode Island,1981,1.36,0.52,1.04
Rhode Island,1982,1.34,0.55,1.04
Rhode Island,1983,1.48,0.5,1.06
Rhode Island,1984,1.37,0.52,1.03
Rhode Island,1985,1.4,0.51,1.03
Rhode Island,1986,1.41,0.53,0.93
Rhode Island,1987,1.4,0.51,0.94
Rhode Island,1988,1.39,0.49,0.97
Rhode Island,1989,1.37,0.46,0.87
Rhode Island,1990,1.31,0.44,0.79
Rhode Island,1991,1.33,0.37,0.71
Rhode Island,1992,1.24,0.39,0.7
Rhode Island,1993,1.22,0.36,0.69
Rhode Island,1994,1.23,0.38,0.66
Rhode Island,1995,1.19,0.38,0.6
Rhode Island,1996,1.16,0.42,0.65
Rhode Island,1997,1.22,0.44,0.64
Rhode Island,1998,1.14,0.47,0.63
Rhode Island,1999,1.14,0.45,0.69
Rhode Island,2000,1.15,0.46,0.7
Rhode Island,2001,1.19,0.46,0.7
Rhode Island,2002,1.17,0.48,0.73
Rhode Island,2003,1.12,0.51,0.79
Rhode Island,2004,1.12,0.49,0.79
Rhode Island,2005,1.13,0.51,0.81
Rhode Island,2006,1.13,0.53,0.86
Rhode Island,2007,1.13,0.54,0.9
Rhode Island,2008,1.13,0.54,0.91
Rhode Island,2009,1.1,0.53,0.92
South Carolina,1977,1.17,0.17,1.14
South Carolina,1978,1.2,0.17,1.21
South Carolina,1979,1.25,0.17,1.18
South Carolina,1980,1.22,0.18,1.06
South Carolina,1981,1.25,0.19,1.05
South Carolina,1982,1.24,0.2,1.0
South Carolina,1983,1.26,0.2,1.01
South Carolina,1984,1.26,0.24,1.0
South Carolina,1985,1.26,0.25,0.99
South Carolina,1986,1.3,0.27,0.92
South Carolina,1987,1.34,0.27,0.88
South Carolina,1988,1.37,0.26,0.89
South Carolina,1989,1.37,0.24,0.86
South Carolina,1990,1.44,0.25,0.92
South Carolina,1991,1.34,0.22,0.84
South Carolina,1992,1.34,0.2,0.79
South Carolina,1993,1.36,0.2,0.75
South Carolina,1994,1.38,0.17,0.74
South Carolina,1995,1.38,0.18,0.67
South Carolina,1996,1.39,0.21,0.71
South Carolina,1997,1.4,0.19,0.71
South Carolina,1998,1.42,0.21,0.72
South Carolina,1999,1.43,0.22,0.72
South Carolina,2000,1.45,0.22,0.7
South Carolina,2001,1.45,0.22,0.65
South Carolina,2002,1.47,0.22,0.67
South Carolina,2003,1.38,0.23,0.74
South Carolina,2004,1.44,0.24,0.76
South Carolina,2005,1.41,0.24,0.76
South Carolina,2006,1.46,0.24,0.77
South Carolina,2007,1.43,0.24,0.77
South Carolina,2008,1.41,0.24,0.77
South Carolina,2009,1.36,0.24,0.77
South Dakota,1977,1.15,0.17,1.06
South Dakota,1978,1.19,0.17,1.05
South Dakota,1979,1.23,0.17,1.04
South Dakota,1980,1.3,0.18,1.07
South Dakota,1981,1.32,0.19,1.05
South Dakota,1982,1.29,0.18,0.98
South Dakota,1983,1.3,0.17,0.95
South Dakota,1984,1.27,0.17,0.89
South Dakota,1985,1.22,0.18,0.94
South Dakota,1986,1.22,0.19,0.81
South Dakota,1987,1.24,0.19,0.79
South Dakota,1988,1.21,0.16,0.76
South Dakota,1989,1.25,0.15,0.7
South Dakota,1990,1.36,0.18,0.8
South Dakota,1991,1.37,0.15,0.76
South Dakota,1992,1.37,0.15,0.74
South Dakota,1993,1.35,0.12,0.73
South Dakota,1994,1.38,0.12,0.73
South Dakota,1995,1.34,0.12,0.73
South Dakota,1996,1.36,0.13,0.68
South Dakota,1997,1.36,0.13,0.69
South Dakota,1998,1.42,0.13,0.68
South Dakota,1999,1.43,0.14,0.7
South Dakota,2000,1.44,0.15,0.68
South Dakota,2001,1.46,0.15,0.71
South Dakota,2002,1.51,0.16,0.7
South Dakota,2003,1.51,0.16,0.73
South Dakota,2004,1.5,0.18,0.76
South Dakota,2005,1.5,0.19,0.83
South Dakota,2006,1.51,0.19,0.79
South Dakota,2007,1.51,0.22,0.86
South Dakota,2008,1.56,0.22,0.86
South Dakota,2009,1.53,0.22,0.88
Tennessee,1977,1.1,0.1,0.71
Tennessee,1978,1.16,0.11,0.72
Tennessee,1979,1.14,0.11,0.73
Tennessee,1980,1.1,0.12,0.69
Tennessee,1981,1.14,0.13,0.72
Tennessee,1982,1.13,0.14,0.7
Tennessee,1983,1.1,0.14,0.69
Tennessee,1984,1.11,0.15,0.7
Tennessee,1985,1.11,0.16,0.67
Tennessee,1986,1.17,0.16,0.63
Tennessee,1987,1.17,0.15,0.62
Tennessee,1988,1.2,0.14,0.6
Tennessee,1989,1.18,0.14,0.59
Tennessee,1990,1.22,0.14,0.6
Tennessee,1991,1.19,0.13,0.54
Tennessee,1992,1.21,0.14,0.56
Tennessee,1993,1.2,0.14,0.54
Tennessee,1994,1.18,0.15,0.53
Tennessee,1995,1.18,0.15,0.52
Tennessee,1996,1.18,0.15,0.51
Tennessee,1997,1.16,0.16,0.5
Tennessee,1998,1.19,0.15,0.5
Tennessee,1999,1.21,0.15,0.49
Tennessee,2000,1.21,0.15,0.5
Tennessee,2001,1.13,0.16,0.5
Tennessee,2002,1.17,0.17,0.51
Tennessee,2003,1.26,0.18,0.52
Tennessee,2004,1.21,0.18,0.53
Tennessee,2005,1.19,0.19,0.55
Tennessee,2006,1.14,0.19,0.56
Tennessee,2007,1.13,0.2,0.56
Tennessee,2008,1.1,0.2,0.57
Tennessee,2009,1.05,0.21,0.57
Texas,1977,1.63,0.14,0.81
Texas,1978,1.7,0.14,0.84
Texas,1979,1.76,0.14,0.87
Texas,1980,1.77,0.22,0.81
Texas,1981,1.84,0.24,0.85
Texas,1982,1.83,0.18,0.84
Texas,1983,1.73,0.27,0.79
Texas,1984,1.74,0.28,0.79
Texas,1985,1.68,0.3,0.73
Texas,1986,1.67,0.31,0.65
Texas,1987,1.61,0.29,0.61
Texas,1988,1.61,0.28,0.59
Texas,1989,1.62,0.26,0.58
Texas,1990,1.64,0.26,0.58
Texas,1991,1.6,0.25,0.55
Texas,1992,1.65,0.24,0.55
Texas,1993,1.6,0.2,0.53
Texas,1994,1.6,0.2,0.51
Texas,1995,1.55,0.19,0.49
Texas,1996,1.56,0.22,0.49
Texas,1997,1.54,0.2,0.47
Texas,1998,1.53,0.23,0.49
Texas,1999,1.54,0.2,0.49
Texas,2000,1.53,0.22,0.5
Texas,2001,1.51,0.21,0.49
Texas,2002,1.5,0.22,0.5
Texas,2003,1.46,0.23,0.51
Texas,2004,1.45,0.24,0.52
Texas,2005,1.42,0.25,0.53
Texas,2006,1.43,0.26,0.55
Texas,2007,1.41,0.27,0.56
Texas,2008,1.44,0.27,0.58
Texas,2009,1.42,0.28,0.58
Utah,1977,0.97,0.14,0.59
Utah,1978,0.96,0.15,0.61
Utah,1979,0.97,0.16,0.62
Utah,1980,0.96,0.14,0.6
Utah,1981,1.01,0.15,0.58
Utah,1982,1.01,0.15,0.55
Utah,1983,0.88,0.14,0.5
Utah,1984,0.88,0.14,0.52
Utah,1985,0.9,0.15,0.53
Utah,1986,0.89,0.17,0.52
Utah,1987,0.84,0.15,0.5
Utah,1988,0.83,0.14,0.49
Utah,1989,0.82,0.13,0.47
Utah,1990,0.8,0.12,0.46
Utah,1991,0.8,0.12,0.43
Utah,1992,0.79,0.12,0.42
Utah,1993,0.78,0.11,0.39
Utah,1994,0.76,0.09,0.38
Utah,1995,0.75,0.09,0.37
Utah,1996,0.77,0.1,0.37
Utah,1997,0.76,0.1,0.39
Utah,1998,0.73,0.1,0.37
Utah,1999,0.79,0.1,0.38
Utah,2000,0.77,0.11,0.4
Utah,2001,0.76,0.14,0.39
Utah,2002,0.78,0.14,0.39
Utah,2003,0.77,0.15,0.39
Utah,2004,0.75,0.15,0.39
Utah,2005,0.69,0.16,0.41
Utah,2006,0.71,0.16,0.43
Utah,2007,0.75,0.16,0.43
Utah,2008,0.75,0.17,0.46
Utah,2009,0.7,0.17,0.46
Vermont,1977,1.42,0.44,1.58
Vermont,1978,1.53,0.47,1.59
Vermont,1979,1.57,0.47,1.5
Vermont,1980,1.43,0.48,1.39
Vermont,1981,1.49,0.5,1.33
Vermont,1982,1.49,0.5,1.25
Vermont,1983,1.52,0.5,1.19
Vermont,1984,1.48,0.49,1.15
Vermont,1985,1.49,0.55,1.09
Vermont,1986,1.55,0.59,1.04
Vermont,1987,1.56,0.58,0.98
Vermont,1988,1.51,0.56,0.93
Vermont,1989,1.45,0.51,0.88
Vermont,1990,1.47,0.48,0.85
Vermont,1991,1.41,0.46,0.82
Vermont,1992,1.35,0.44,0.78
Vermont,1993,1.34,0.44,0.74
Vermont,1994,1.34,0.42,0.74
Vermont,1995,1.27,0.41,0.66
Vermont,1996,1.29,0.46,0.64
Vermont,1997,1.23,0.46,0.63
Vermont,1998,1.25,0.47,0.62
Vermont,1999,1.23,0.47,0.62
Vermont,2000,1.23,0.47,0.63
Vermont,2001,1.29,0.47,0.63
Vermont,2002,1.32,0.49,0.63
Vermont,2003,1.32,0.51,0.64
Vermont,2004,1.32,0.54,0.66
Vermont,2005,1.33,0.56,0.67
Vermont,2006,1.35,0.58,0.69
Vermont,2007,1.37,0.61,0.7
Vermont,2008,1.37,0.62,0.71
Vermont,2009,1.36,0.63,0.7
Virginia,1977,1.19,0.21,0.9
Virginia,1978,1.22,0.21,0.9
Virginia,1979,1.23,0.25,0.92
Virginia,1980,1.23,0.25,0.91
Virginia,1981,1.23,0.27,0.89
Virginia,1982,1.45,0.27,0.86
Virginia,1983,1.47,0.27,0.82
Virginia,1984,1.46,0.29,0.8
Virginia,1985,1.46,0.3,0.79
Virginia,1986,1.52,0.27,0.73
Virginia,1987,1.4,0.26,0.71
Virginia,1988,1.31,0.25,0.68
Virginia,1989,1.23,0.31,0.65
Virginia,1990,1.25,0.3,0.62
Virginia,1991,1.2,0.28,0.58
Virginia,1992,1.25,0.28,0.57
Virginia,1993,1.24,0.27,0.54
Virginia,1994,1.2,0.27,0.51
Virginia,1995,1.15,0.29,0.49
Virginia,1996,1.13,0.3,0.49
Virginia,1997,1.13,0.29,0.48
Virginia,1998,1.18,0.29,0.47
Virginia,1999,1.18,0.32,0.47
Virginia,2000,1.16,0.31,0.5
Virginia,2001,1.15,0.32,0.5
Virginia,2002,1.15,0.34,0.51
Virginia,2003,1.14,0.36,0.53
Virginia,2004,1.14,0.37,0.54
Virginia,2005,1.13,0.38,0.55
Virginia,2006,1.14,0.39,0.57
Virginia,2007,1.13,0.41,0.58
Virginia,2008,1.14,0.42,0.59
Virginia,2009,1.11,0.43,0.59
Washington,1977,1.36,0.45,1.08
Washington,1978,1.39,0.48,1.09
Washington,1979,1.41,0.48,1.1
Washington,1980,1.52,0.52,1.08
Washington,1981,1.38,0.54,1.05
Washington,1982,1.33,0.53,0.99
Washington,1983,1.29,0.54,0.94
Washington,1984,1.24,0.57,0.91
Washington,1985,1.22,0.59,0.87
Washington,1986,1.23,0.61,0.82
Washington,1987,1.23,0.56,0.79
Washington,1988,1.22,0.5,0.77
Washington,1989,1.24,0.47,0.75
Washington,1990,1.27,0.46,0.76
Washington,1991,1.23,0.43,0.73
Washington,1992,1.26,0.46,0.72
Washington,1993,1.19,0.39,0.69
Washington,1994,1.18,0.39,0.65
Washington,1995,1.14,0.4,0.63
Washington,1996,1.13,0.4,0.63
Washington,1997,1.11,0.42,0.63
Washington,1998,1.12,0.43,0.63
Washington,1999,1.1,0.4,0.63
Washington,2000,1.09,0.41,0.66
Washington,2001,1.08,0.4,0.65
Washington,2002,1.08,0.42,0.65
Washington,2003,1.05,0.46,0.67
Washington,2004,1.04,0.46,0.69
Washington,2005,1.1,0.55,0.68
Washington,2006,1.05,0.48,0.71
Washington,2007,1.11,0.5,0.74
Washington,2008,1.09,0.5,0.76
Washington,2009,1.09,0.51,0.74
West Virginia,1977,0.98,0.09,0.78
West Virginia,1978,0.96,0.09,0.79
West Virginia,1979,0.97,0.09,0.77
West Virginia,1980,1.0,0.09,0.72
West Virginia,1981,1.06,0.14,0.66
West Virginia,1982,1.11,0.14,0.55
West Virginia,1983,1.13,0.13,0.48
West Virginia,1984,1.12,0.12,0.44
West Virginia,1985,1.11,0.13,0.42
West Virginia,1986,1.1,0.13,0.41
West Virginia,1987,1.11,0.13,0.41
West Virginia,1988,1.12,0.12,0.4
West Virginia,1989,1.12,0.11,0.38
West Virginia,1990,1.2,0.1,0.42
West Virginia,1991,1.18,0.09,0.43
West Virginia,1992,1.16,0.09,0.41
West Virginia,1993,1.18,0.08,0.4
West Virginia,1994,1.17,0.08,0.39
West Virginia,1995,1.14,0.09,0.38
West Virginia,1996,1.14,0.1,0.37
West Virginia,1997,1.14,0.1,0.37
West Virginia,1998,1.17,0.1,0.36
West Virginia,1999,1.18,0.1,0.37
West Virginia,2000,1.18,0.1,0.35
West Virginia,2001,1.23,0.1,0.37
West Virginia,2002,1.26,0.1,0.38
West Virginia,2003,1.23,0.1,0.38
West Virginia,2004,1.25,0.1,0.39
West Virginia,2005,1.23,0.1,0.4
West Virginia,2006,1.22,0.1,0.42
West Virginia,2007,1.24,0.1,0.42
West Virginia,2008,1.26,0.1,0.44
West Virginia,2009,1.24,0.1,0.45
Wisconsin,1977,1.78,0.27,1.26
Wisconsin,1978,1.8,0.28,1.18
Wisconsin,1979,1.88,0.28,1.17
Wisconsin,1980,1.96,0.31,1.2
Wisconsin,1981,1.95,0.31,1.2
Wisconsin,1982,1.93,0.3,1.04
Wisconsin,1983,1.93,0.33,1.07
Wisconsin,1984,1.86,0.3,1.03
Wisconsin,1985,1.82,0.32,1.05
Wisconsin,1986,1.87,0.34,0.95
Wisconsin,1987,1.78,0.36,0.97
Wisconsin,1988,1.75,0.33,0.95
Wisconsin,1989,1.71,0.31,0.95
Wisconsin,1990,1.74,0.31,1.03
Wisconsin,1991,1.65,0.27,0.84
Wisconsin,1992,1.59,0.25,0.9
Wisconsin,1993,1.59,0.22,0.89
Wisconsin,1994,1.58,0.22,0.91
Wisconsin,1995,1.55,0.23,0.87
Wisconsin,1996,1.53,0.24,0.88
Wisconsin,1997,1.57,0.25,0.89
Wisconsin,1998,1.61,0.26,0.79
Wisconsin,1999,1.53,0.26,0.92
Wisconsin,2000,1.54,0.27,0.95
Wisconsin,2001,1.53,0.26,0.95
Wisconsin,2002,1.56,0.28,0.98
Wisconsin,2003,1.52,0.29,1.0
Wisconsin,2004,1.52,0.3,1.01
Wisconsin,2005,1.55,0.31,1.07
Wisconsin,2006,1.56,0.32,1.09
Wisconsin,2007,1.54,0.33,1.11
Wisconsin,2008,1.53,0.34,1.12
Wisconsin,2009,1.49,0.31,1.16
Wyoming,1977,1.79,0.21,1.32
Wyoming,1978,1.82,0.22,1.36
Wyoming,1979,1.86,0.22,1.3
Wyoming,1980,1.85,0.24,1.32
Wyoming,1981,1.91,0.24,1.27
Wyoming,1982,1.8,0.24,1.21
Wyoming,1983,1.66,0.22,1.09
Wyoming,1984,1.58,0.22,1.05
Wyoming,1985,1.56,0.25,1.03
Wyoming,1986,1.46,0.26,0.92
Wyoming,1987,1.46,0.24,0.86
Wyoming,1988,1.39,0.23,0.83
Wyoming,1989,1.35,0.22,0.82
Wyoming,1990,1.48,0.22,0.93
Wyoming,1991,1.45,0.2,0.9
Wyoming,1992,1.44,0.2,0.91
Wyoming,1993,1.4,0.19,0.86
Wyoming,1994,1.42,0.18,0.83
Wyoming,1995,1.34,0.16,0.8
Wyoming,1996,1.37,0.16,0.81
Wyoming,1997,1.36,0.17,0.81
Wyoming,1998,1.38,0.2,0.81
Wyoming,1999,1.41,0.18,0.84
Wyoming,2000,1.42,0.18,0.86
Wyoming,2001,1.43,0.22,0.88
Wyoming,2002,1.46,0.22,0.88
Wyoming,2003,1.69,0.23,0.9
Wyoming,2004,1.41,0.22,0.92
Wyoming,2005,1.21,0.23,0.97
Wyoming,2006,1.47,0.23,1.05
Wyoming,2007,1.49,0.23,1.1
Wyoming,2008,1.54,0.23,1.12
Wyoming,2009,1.45,0.22,1.1
